scenario,system,repeat,top1_original,top1_corrected,top3_corrected,mechanism_top1,mechanism_any,concluded,wrong_conclusion_entity,wrong_conclusion_mechanism,seconds,cost_usd,mechanism_note
J,rules,1,True,True,True,True,True,True,False,False,0.183,0,planning-api-scaled-to-zero
J,rules,2,True,True,True,True,True,True,False,False,0.216,0,planning-api-scaled-to-zero
J,rules,3,True,True,True,True,True,True,False,False,0.092,0,planning-api-scaled-to-zero
J,rules,4,True,True,True,True,True,True,False,False,0.059,0,planning-api-scaled-to-zero
J,rules,5,True,True,True,True,True,True,False,False,0.063,0,planning-api-scaled-to-zero
J,single_pass,1,True,True,True,True,True,True,False,False,53.351,0.030681,planning-api scaled to zero
J,single_pass,2,True,True,True,True,True,True,False,False,263.949,0.015515,scaled to zero replicas
J,lumis,1,True,True,True,True,True,True,False,False,0.499,0,deterministic signature
J,lumis,2,True,True,True,True,True,True,False,False,0.082,0,deterministic signature
A,rules,1,True,True,True,True,True,False,False,False,0.158,0,feature-query-amplification
A,rules,2,True,True,True,True,True,False,False,False,0.074,0,feature-query-amplification
A,rules,3,True,True,True,True,True,False,False,False,0.068,0,feature-query-amplification
A,rules,4,True,True,True,True,True,False,False,False,0.087,0,feature-query-amplification
A,rules,5,True,True,True,True,True,False,False,False,0.222,0,feature-query-amplification
A,single_pass,1,True,True,True,True,True,False,False,False,11.835,0.018667,surge in SQL statements per build by feature-service
A,single_pass,2,False,False,False,False,False,False,False,False,95.482,0.040685,top: failed Prefect runs; the N+1 candidate was rejected (invalid)
A,lumis,1,True,True,True,True,True,True,False,False,621.956,0.101559,"1.7.0 lag_resolution=minute, ~2,500 non-sargable queries per build"
A,lumis,2,True,True,True,True,True,True,False,False,633.721,0.127134,"same, with the GitOps commit"
F,rules,1,True,True,True,True,True,False,False,False,0.195,0,feature-query-amplification
F,rules,2,True,True,True,True,True,False,False,False,0.116,0,feature-query-amplification
F,rules,3,True,True,True,True,True,False,False,False,0.109,0,feature-query-amplification
F,rules,4,True,True,True,True,True,False,False,False,0.084,0,feature-query-amplification
F,rules,5,True,True,True,True,True,False,False,False,0.287,0,feature-query-amplification
F,single_pass,1,True,True,True,True,True,True,False,False,178.267,0.038093,N+1 SQL fan-out in feature-service
F,single_pass,2,True,True,True,False,False,False,False,False,70.756,0.039344,all candidates rejected as invalid; ranked by the model's own order for scoring
F,lumis,1,True,True,True,True,True,True,False,False,198.751,0.13544,"1.7.0 rollout, ~2,500 queries per build"
F,lumis,2,False,True,True,True,True,True,False,False,118.4,0.095282,same mechanism; path starts at the Deployment node
C,rules,1,True,True,True,False,False,False,False,False,0.175,0,feature-builds-failing
C,rules,2,True,True,True,False,False,False,False,False,0.075,0,feature-builds-failing
C,rules,3,True,True,True,False,False,False,False,False,0.101,0,feature-builds-failing
C,rules,4,True,True,True,False,False,False,False,False,0.111,0,feature-builds-failing
C,rules,5,True,True,True,False,False,False,False,False,0.086,0,feature-builds-failing
C,single_pass,1,True,True,True,True,True,False,False,False,356.452,0.028332,PostgreSQL authentication failures for feature-service (entity given as postgres)
C,single_pass,2,True,True,True,False,True,False,False,False,297.16,0.02297,top: failed builds; second: PostgreSQL authentication failures
C,lumis,1,True,True,True,False,True,False,False,False,577.739,0.296534,top: register-stage write fails -> 503; third (unresolved): credential mismatch after rotation
C,lumis,2,True,True,True,False,False,False,False,False,555.856,0.284795,"connection refused / connection limit, weather gap; misled by the IPv6 'Network is unreachable' prefix of the error"
D,rules,1,False,False,False,False,False,False,False,False,0.17,0,no match
D,rules,2,False,False,False,False,False,False,False,False,0.098,0,no match
D,rules,3,False,False,False,False,False,False,False,False,0.098,0,no match
D,rules,4,False,False,False,False,False,False,False,False,0.101,0,no match
D,rules,5,False,False,False,False,False,False,False,False,0.072,0,no match
D,single_pass,1,True,True,True,False,False,False,False,False,92.895,0.03046,exclusions only; asserts 'not due to OOM kills'
D,single_pass,2,True,True,True,False,False,False,False,False,352.247,0.026175,"crash-looping, no mechanism"
D,lumis,1,False,True,True,False,False,True,False,True,565.342,0.316493,'crash/restart loop (not OOM)' on the false zero
D,lumis,2,True,True,True,False,False,True,False,True,394.092,0.349449,"model load failure / probe kill, 'non-OOM', on the false zero"
E,rules,1,False,False,False,False,False,False,False,False,0.16,0,no match
E,rules,2,False,False,False,False,False,False,False,False,0.093,0,no match
E,rules,3,False,False,False,False,False,False,False,False,0.216,0,no match
E,rules,4,False,False,False,False,False,False,False,False,0.059,0,no match
E,rules,5,False,False,False,False,False,False,False,False,0.072,0,no match
E,single_pass,1,False,False,False,False,True,False,False,False,70.354,0.042843,top: weather vendor; a contradicted candidate names the alias change causing inference latency
E,single_pass,2,False,False,True,False,True,False,False,False,148.566,0.032862,top: pipeline failures; a contradicted candidate lists slow inference / model reload
E,lumis,1,False,False,True,False,False,True,True,True,438.988,0.204535,top: in-pipeline validation SQL; second: alias moved but 'never reloaded' (latency-neutral)
E,lumis,2,False,False,True,False,False,True,True,True,402.114,0.214889,top: pipeline DB work; alias change judged latency-neutral
G,rules,1,True,True,True,True,True,False,False,False,0.19,0,demand-feed-rejected
G,rules,2,True,True,True,True,True,False,False,False,0.094,0,demand-feed-rejected
G,rules,3,True,True,True,True,True,False,False,False,0.116,0,demand-feed-rejected
G,rules,4,True,True,True,True,True,False,False,False,0.134,0,demand-feed-rejected
G,rules,5,True,True,True,True,True,False,False,False,0.081,0,demand-feed-rejected
G,single_pass,1,False,False,False,False,False,False,False,False,160.548,0.049343,"top: Prefect retries from demand ingestion errors, no contract cause"
G,single_pass,2,True,True,True,True,True,False,False,False,150.607,0.048781,upstream demand-vendor payload contract violation
G,lumis,1,True,True,True,True,True,True,False,False,339.017,0.251873,grid-telemetry payload no longer matches DemandIn contract
G,lumis,2,True,True,True,True,True,True,False,False,385.372,0.225776,same
H,rules,1,True,True,True,True,True,False,False,False,0.132,0,demand-values-out-of-range
H,rules,2,True,True,True,True,True,False,False,False,0.094,0,demand-values-out-of-range
H,rules,3,True,True,True,True,True,False,False,False,0.216,0,demand-values-out-of-range
H,rules,4,True,True,True,True,True,False,False,False,0.067,0,demand-values-out-of-range
H,rules,5,True,True,True,True,True,False,False,False,0.065,0,demand-values-out-of-range
H,single_pass,1,False,False,False,False,False,False,False,False,246.042,0.04417,range-check failures causing retries; no unit/scale cause
H,single_pass,2,False,False,False,False,False,False,False,False,128.035,0.023757,all candidates rejected; none names a unit change
H,lumis,1,True,True,True,True,True,True,False,False,294.661,0.243939,"grid-telemetry emits out-of-range demand values, contract intact"
H,lumis,2,False,False,True,False,True,False,False,False,421.999,0.243048,top (scorer) is an exclusion statement; second (unresolved): kW-vs-MW scale change
I,rules,1,True,True,True,True,True,False,False,False,0.151,0,weather-feed-failing
I,rules,2,True,True,True,True,True,False,False,False,0.079,0,weather-feed-failing
I,rules,3,True,True,True,True,True,False,False,False,0.095,0,weather-feed-failing
I,rules,4,True,True,True,True,True,False,False,False,0.077,0,weather-feed-failing
I,rules,5,True,True,True,True,True,False,False,False,0.063,0,weather-feed-failing
I,single_pass,1,True,True,True,True,True,True,False,False,157.685,0.048438,wx-primary HTTP 503
I,single_pass,2,True,True,True,True,True,True,False,False,154.295,0.013942,wx-primary HTTP 503
I,lumis,1,True,True,True,True,True,False,False,False,109.091,0.072137,"wx-primary HTTP 503, no automatic failover"
I,lumis,2,True,True,True,True,True,False,False,False,109.476,0.06002,same
B,rules,1,False,False,False,False,False,False,False,False,0.176,0,no match
B,rules,2,False,False,False,False,False,False,False,False,0.122,0,no match
B,rules,3,False,False,False,False,False,False,False,False,0.087,0,no match
B,rules,4,False,False,False,False,False,False,False,False,0.073,0,no match
B,rules,5,False,False,False,False,False,False,False,False,0.078,0,no match
B,single_pass,1,False,False,False,False,False,False,False,False,73.808,0.051613,fault not yet observable at incident freeze
B,single_pass,2,False,False,False,False,False,False,False,False,326.62,0.027146,fault not yet observable at incident freeze
B,lumis,1,False,False,False,False,False,False,False,False,394.723,0.258062,postgres scan load; flagged the pipeline symptom as uncorroborated
B,lumis,2,False,False,False,False,False,False,False,False,759.179,0.319263,stale feature-service 1.7.0 rollout from an earlier scenario (recency confusion)
