scenario,system,repeat,route,conclusion,outcome,expected_entity,top1,top3,path_score,matched_signatures,hypotheses,supported,evidence_queries,model_requests,input_tokens,output_tokens,cost_usd,thinking_chars,seconds,error,agent_error
A,rules,1,human,requires_human_expert,escalated_with_correct_lead,service:gridcast:feature-service,True,True,correct,['feature-query-amplification'],1,1,19,0,0,0,0.0,0,0.154,,
A,rules,2,human,requires_human_expert,escalated_with_correct_lead,service:gridcast:feature-service,True,True,correct,['feature-query-amplification'],1,1,19,0,0,0,0.0,0,0.075,,
A,rules,3,human,requires_human_expert,escalated_with_correct_lead,service:gridcast:feature-service,True,True,correct,['feature-query-amplification'],1,1,19,0,0,0,0.0,0,0.09,,
A,rules,4,human,requires_human_expert,escalated_with_correct_lead,service:gridcast:feature-service,True,True,correct,['feature-query-amplification'],1,1,19,0,0,0,0.0,0,0.068,,
A,rules,5,human,requires_human_expert,escalated_with_correct_lead,service:gridcast:feature-service,True,True,correct,['feature-query-amplification'],1,1,19,0,0,0,0.0,0,0.069,,
A,lumis,1,agent,supported_diagnosis,correct_diagnosis,service:gridcast:feature-service,True,True,correct,['feature-query-amplification'],3,3,23,10,301315,15091,0.108167,32415,211.02,,
A,lumis,2,agent,supported_diagnosis,correct_diagnosis,service:gridcast:feature-service,True,True,correct,['feature-query-amplification'],3,3,24,10,379405,24936,0.161249,64656,316.273,,
F,rules,1,human,requires_human_expert,escalated_with_correct_lead,service:gridcast:feature-service,True,True,correct,['feature-query-amplification'],1,1,19,0,0,0,0.0,0,0.11,,
F,rules,2,human,requires_human_expert,escalated_with_correct_lead,service:gridcast:feature-service,True,True,correct,['feature-query-amplification'],1,1,19,0,0,0,0.0,0,0.161,,
F,rules,3,human,requires_human_expert,escalated_with_correct_lead,service:gridcast:feature-service,True,True,correct,['feature-query-amplification'],1,1,19,0,0,0,0.0,0,0.083,,
F,rules,4,human,requires_human_expert,escalated_with_correct_lead,service:gridcast:feature-service,True,True,correct,['feature-query-amplification'],1,1,19,0,0,0,0.0,0,0.065,,
F,rules,5,human,requires_human_expert,escalated_with_correct_lead,service:gridcast:feature-service,True,True,correct,['feature-query-amplification'],1,1,19,0,0,0,0.0,0,0.076,,
F,lumis,1,agent,supported_diagnosis,correct_diagnosis,service:gridcast:feature-service,True,True,correct,['feature-query-amplification'],3,3,23,9,308985,30058,0.172901,83446,423.153,,
F,lumis,2,agent,supported_diagnosis,correct_diagnosis,service:gridcast:feature-service,True,True,correct,['feature-query-amplification'],3,3,24,9,342703,23707,0.15088,53139,407.604,,
C,rules,1,human,requires_human_expert,escalated_without_lead,service:gridcast:feature-service,False,False,none,[],0,0,19,0,0,0,0.0,0,0.226,,
C,rules,2,human,requires_human_expert,escalated_without_lead,service:gridcast:feature-service,False,False,none,[],0,0,19,0,0,0,0.0,0,0.102,,
C,rules,3,human,requires_human_expert,escalated_without_lead,service:gridcast:feature-service,False,False,none,[],0,0,19,0,0,0,0.0,0,0.081,,
C,rules,4,human,requires_human_expert,escalated_without_lead,service:gridcast:feature-service,False,False,none,[],0,0,19,0,0,0,0.0,0,0.064,,
C,rules,5,human,requires_human_expert,escalated_without_lead,service:gridcast:feature-service,False,False,none,[],0,0,19,0,0,0,0.0,0,0.069,,
C,single_pass,1,single_pass,candidates,,service:gridcast:feature-service,False,True,partial,[],4,0,18,1,11242,7680,0.045252,27215,122.203,,
C,single_pass,2,single_pass,candidates,,service:gridcast:feature-service,False,True,partial,[],4,0,18,1,10731,7867,0.035402,27589,146.693,,
C,lumis,1,agent,insufficient_evidence,escalated_without_lead,service:gridcast:feature-service,False,True,partial,[],3,2,25,13,702263,54736,0.332206,163882,698.325,,
C,lumis,2,agent,insufficient_evidence,escalated_without_lead,service:gridcast:feature-service,False,True,partial,[],3,1,25,19,1357126,83839,0.547554,254497,831.6,,
